Ταμείο,Τραπ. Λογ -2.1,20121009,6907, silly description
Τραπ. Λογ -2,Ταμείο,20121009,984, silly description
Ταμείο,Τραπ. Λογ -2,20121010,8056, silly description
Τραπ. Λογ -2,Τραπ. Λογ -2,20121010,10569, silly description
Τραπ. Λογ -2.1,Τραπ. Λογ -2.1,20121011,3758, silly description
Ταμείο,Τραπ. Λογ -2,20121011,5519, silly description
Ταμείο,Ταμείο,20121012,6291, silly description
Τραπ. Λογ -2.1,Τραπ. Λογ -2,20121012,6359, silly description
Τραπ. Λογ -2,Ταμείο,20121013,4969, silly description
Τραπ. Λογ -2,Ταμείο,20121013,3085, silly description
Ταμείο,Ταμείο,20121014,1069, silly description
Τραπ. Λογ -2,Τραπ. Λογ -2,20121014,4060, silly description
Τραπ. Λογ -2.1,Τραπ. Λογ -2.1,20121015,6675, silly description
Ταμείο,Τραπ. Λογ -2.1,20121015,10780, silly description
Ταμείο,Τραπ. Λογ -2.1,20121016,2527, silly description
Ταμείο,Τραπ. Λογ -2,20121016,9495, silly description
Τραπ. Λογ -2.1,Τραπ. Λογ -2.1,20121017,9706, silly description
Ταμείο,Τραπ. Λογ -2.1,20121017,1812, silly description
Ταμείο,Ταμείο,20121018,8184, silly description
Ταμείο,Ταμείο,20121018,2487, silly description
Τραπ. Λογ -2.1,Τραπ. Λογ -2,20121019,5871, silly description
Ταμείο,Ταμείο,20121019,4853, silly description
Ταμείο,Ταμείο,20121020,7811, silly description
Τραπ. Λογ -2,Τραπ. Λογ -2,20121020,6917, silly description
Ταμείο,Τραπ. Λογ -2.1,20121021,7718, silly description
Ταμείο,Τραπ. Λογ -2.1,20121021,4806, silly description
Τραπ. Λογ -2.1,Τραπ. Λογ -2,20121022,5919, silly description
Τραπ. Λογ -2.1,Τραπ. Λογ -2,20121022,9558, silly description
Ταμείο,Τραπ. Λογ -2,20121023,9854, silly description
Τραπ. Λογ -2,Τραπ. Λογ -2.1,20121023,2592, silly description
Τραπ. Λογ -2,Ταμείο,20121024,11442, silly description
Τραπ. Λογ -2.1,Ταμείο,20121024,10853, silly description
Ταμείο,Ταμείο,20121025,8064, silly description
Τραπ. Λογ -2,Τραπ. Λογ -2,20121025,11290, silly description
Τραπ. Λογ -2,Τραπ. Λογ -2.1,20121026,10951, silly description
Τραπ. Λογ -2,Τραπ. Λογ -2.1,20121026,2620, silly description
Τραπ. Λογ -2.1,Τραπ. Λογ -2,20121027,5907, silly description
Τραπ. Λογ -2,Τραπ. Λογ -2,20121027,11815, silly description
Ταμείο,Τραπ. Λογ -2,20121028,2142, silly description
Ταμείο,Τραπ. Λογ -2.1,20121028,2954, silly description
Ταμείο,Ταμείο,20121029,7445, silly description
Τραπ. Λογ -2.1,Τραπ. Λογ -2.1,20121029,1579, silly description
Τραπ. Λογ -2.1,Τραπ. Λογ -2,20121030,7496, silly description
Ταμείο,Τραπ. Λογ -2,20121030,3562, silly description
Ταμείο,Ταμείο,20121031,7398, silly description
Τραπ. Λογ -2,Τραπ. Λογ -2,20121031,80, silly description
Τραπ. Λογ -2.1,Ταμείο,20121101,6534, silly description
Τραπ. Λογ -2,Ταμείο,20121101,7562, silly description
Ταμείο,Τραπ. Λογ -2,20121102,7693, silly description
Τραπ. Λογ -2.1,Τραπ. Λογ -2.1,20121102,8153, silly description
Ταμείο,Τραπ. Λογ -2.1,20121103,1037, silly description
Τραπ. Λογ -2,Τραπ. Λογ -2,20121103,8615, silly description
Τραπ. Λογ -2,Τραπ. Λογ -2.1,20121104,11875, silly description
Τραπ. Λογ -2.1,Τραπ. Λογ -2,20121104,6800, silly description
Ταμείο,Τραπ. Λογ -2,20121105,1215, silly description
Τραπ. Λογ -2,Τραπ. Λογ -2.1,20121105,7081, silly description
Ταμείο,Τραπ. Λογ -2,20121106,10325, silly description
Τραπ. Λογ -2,Τραπ. Λογ -2.1,20121106,749, silly description
Τραπ. Λογ -2,Ταμείο,20121107,9060, silly description
Τραπ. Λογ -2,Ταμείο,20121107,5143, silly description
Τραπ. Λογ -2.1,Ταμείο,20121108,10864, silly description
Ταμείο,Ταμείο,20121108,1226, silly description
Τραπ. Λογ -2.1,Τραπ. Λογ -2.1,20121109,2675, silly description
Ταμείο,Τραπ. Λογ -2.1,20121109,8578, silly description
Τραπ. Λογ -2,Τραπ. Λογ -2.1,20121110,10774, silly description
Τραπ. Λογ -2,Τραπ. Λογ -2.1,20121110,11718, silly description
Ταμείο,Τραπ. Λογ -2.1,20121111,3251, silly description
Ταμείο,Τραπ. Λογ -2.1,20121111,3236, silly description
Τραπ. Λογ -2,Τραπ. Λογ -2.1,20121112,1356, silly description
Τραπ. Λογ -2,Τραπ. Λογ -2,20121112,10968, silly description
Τραπ. Λογ -2,Ταμείο,20121113,6665, silly description
Τραπ. Λογ -2.1,Τραπ. Λογ -2.1,20121113,8462, silly description
Τραπ. Λογ -2.1,Τραπ. Λογ -2.1,20121114,9043, silly description
Τραπ. Λογ -2.1,Τραπ. Λογ -2,20121114,10736, silly description
Τραπ. Λογ -2,Ταμείο,20121115,11899, silly description
Τραπ. Λογ -2.1,Ταμείο,20121115,7027, silly description
Ταμείο,Τραπ. Λογ -2.1,20121116,1459, silly description
Τραπ. Λογ -2.1,Ταμείο,20121116,3701, silly description
Τραπ. Λογ -2.1,Τραπ. Λογ -2.1,20121117,1730, silly description
Τραπ. Λογ -2,Ταμείο,20121117,1323, silly description
Τραπ. Λογ -2,Τραπ. Λογ -2,20121118,7907, silly description
Τραπ. Λογ -2.1,Τραπ. Λογ -2.1,20121118,4546, silly description
Ταμείο,Τραπ. Λογ -2,20121119,9417, silly description
Τραπ. Λογ -2.1,Ταμείο,20121119,9730, silly description
Τραπ. Λογ -2.1,Ταμείο,20121120,114, silly description
Ταμείο,Τραπ. Λογ -2.1,20121120,3825, silly description
Τραπ. Λογ -2.1,Τραπ. Λογ -2,20121121,11393, silly description
Τραπ. Λογ -2,Ταμείο,20121121,257, silly description
Τραπ. Λογ -2,Ταμείο,20121122,8541, silly description
Τραπ. Λογ -2,Ταμείο,20121122,6165, silly description
Τραπ. Λογ -2.1,Ταμείο,20121123,2521, silly description
Ταμείο,Ταμείο,20121123,10640, silly description
Τραπ. Λογ -2.1,Ταμείο,20121124,4131, silly description
Τραπ. Λογ -2.1,Τραπ. Λογ -2.1,20121124,1578, silly description
Τραπ. Λογ -2.1,Ταμείο,20121125,2596, silly description
Τραπ. Λογ -2,Ταμείο,20121125,5724, silly description
Τραπ. Λογ -2.1,Τραπ. Λογ -2,20121126,6684, silly description
Τραπ. Λογ -2.1,Τραπ. Λογ -2,20121126,392, silly description
Τραπ. Λογ -2,Τραπ. Λογ -2,20121127,8076, silly description
Ταμείο,Ταμείο,20121127,7701, silly description
